{
  "flight_counts": {
    "BLR": 5174,
    "DEL": 8709,
    "total": 13883
  },
  "flight_type_distribution": {
    "BLR": {
      "labels": [
        "Departure",
        "Arrival"
      ],
      "data": [
        2649,
        2525
      ]
    },
    "DEL": {
      "labels": [
        "Departure",
        "Arrival"
      ],
      "data": [
        4393,
        4316
      ]
    }
  },
  "top_airlines": {
    "BLR": {
      "labels": [
        "IndiGo",
        "Air India Express",
        "Air India",
        "Starlight Airline",
        "AKJ",
        "Shuttle America",
        "Alliance Air",
        "Emirates"
      ],
      "data": [
        2703,
        762,
        511,
        415,
        136,
        64,
        49,
        42
      ]
    },
    "DEL": {
      "labels": [
        "IndiGo",
        "Air India",
        "Air India Express",
        "SpiceJet",
        "ZZ",
        "Starlight Airline",
        "Alliance Air",
        "Etihad"
      ],
      "data": [
        3134,
        2931,
        623,
        377,
        267,
        249,
        147,
        56
      ]
    }
  },
  "delay_stats": {
    "BLR": {
      "avg_departure_delay": 3.292940732351831,
      "avg_arrival_delay": 0.7334653465346535,
      "total_delays": 5174
    },
    "DEL": {
      "avg_departure_delay": 13.878215342590485,
      "avg_arrival_delay": 1.4151992585727526,
      "total_delays": 8709
    }
  },
  "hourly_traffic": {
    "BLR": [
      52,
      41,
      27,
      38,
      86,
      171,
      197,
      135,
      174,
      97,
      173,
      120,
      134,
      130,
      101,
      143,
      106,
      104,
      148,
      119,
      153,
      86,
      66,
      48
    ],
    "DEL": [
      47,
      67,
      96,
      91,
      152,
      232,
      240,
      217,
      264,
      235,
      213,
      171,
      224,
      239,
      201,
      167,
      218,
      207,
      242,
      209,
      216,
      224,
      102,
      119
    ],
    "labels": [
      "00:00",
      "01:00",
      "02:00",
      "03:00",
      "04:00",
      "05:00",
      "06:00",
      "07:00",
      "08:00",
      "09:00",
      "10:00",
      "11:00",
      "12:00",
      "13:00",
      "14:00",
      "15:00",
      "16:00",
      "17:00",
      "18:00",
      "19:00",
      "20:00",
      "21:00",
      "22:00",
      "23:00"
    ]
  },
  "daily_traffic": {
    "BLR": [
      392,
      383,
      379,
      374,
      369,
      365,
      387
    ],
    "DEL": [
      616,
      637,
      638,
      633,
      629,
      623,
      617
    ],
    "labels": [
      "Mon",
      "Tue",
      "Wed",
      "Thu",
      "Fri",
      "Sat",
      "Sun"
    ]
  },
  "delay_distribution": {
    "BLR": [
      0.01507537688442211,
      0.7363741785852339,
      0.1876691148047932,
      0.03478933127174333,
      0.011596443757247778,
      0.009083880943177426,
      0.002512562814070352,
      0.0009663703131039815
    ],
    "DEL": [
      0.7917097255712481,
      0.1038006659777242,
      0.03295441497301642,
      0.0324951199908141,
      0.013893673211620163,
      0.006544953496383052,
      0.0037891836031691355,
      0.0019520036743598576
    ],
    "labels": [
      "-60",
      "-30",
      "0",
      "30",
      "60",
      "90",
      "120",
      "150"
    ]
  },
  "ontime_performance": {
    "BLR": {
      "on_time": 88.5,
      "delayed": 8.9,
      "cancelled": 2.6
    },
    "DEL": {
      "on_time": 82.9,
      "delayed": 10.5,
      "cancelled": 6.6
    }
  },
  "carrier_delays": {
    "BLR": {
      "IndiGo": 0.9334073251942286,
      "Air India Express": -1.127296587926509,
      "Air India": 5.684931506849315,
      "Starlight Airline": 4.474698795180723,
      "AKJ": 0.0
    },
    "DEL": {
      "IndiGo": 0.4767070835992342,
      "Air India": 8.335721596724667,
      "Air India Express": 2.465489566613162,
      "SpiceJet": 34.721485411140584,
      "ZZ": 50.32209737827716
    }
  },
  "delay_severity": {
    "BLR": [
      88.5,
      8.9,
      2.6
    ],
    "DEL": [
      82.9,
      10.5,
      6.6
    ]
  }
}